player,minutes,team,match,date
A. Andrade,90,Correcaminos Uat,Clausura - 13,2023-03-26T01:05:00+00:00
I. Pineda,90,Correcaminos Uat,Clausura - 13,2023-03-26T01:05:00+00:00
L. López,90,Correcaminos Uat,Clausura - 13,2023-03-26T01:05:00+00:00
G. Moreno,90,Correcaminos Uat,Clausura - 13,2023-03-26T01:05:00+00:00
V. Torres,90,Correcaminos Uat,Clausura - 13,2023-03-26T01:05:00+00:00
A. Zamorano,58,Correcaminos Uat,Clausura - 13,2023-03-26T01:05:00+00:00
G. Hernández,85,Correcaminos Uat,Clausura - 13,2023-03-26T01:05:00+00:00
D. Amador,71,Correcaminos Uat,Clausura - 13,2023-03-26T01:05:00+00:00
F. Tede,90,Correcaminos Uat,Clausura - 13,2023-03-26T01:05:00+00:00
A. Chávez,71,Correcaminos Uat,Clausura - 13,2023-03-26T01:05:00+00:00
D. Pineda,58,Correcaminos Uat,Clausura - 13,2023-03-26T01:05:00+00:00
A. Garza,32,Correcaminos Uat,Clausura - 13,2023-03-26T01:05:00+00:00
S. Treviño,32,Correcaminos Uat,Clausura - 13,2023-03-26T01:05:00+00:00
J. Zárate,19,Correcaminos Uat,Clausura - 13,2023-03-26T01:05:00+00:00
E. Games,19,Correcaminos Uat,Clausura - 13,2023-03-26T01:05:00+00:00
M. Montelongo,5,Correcaminos Uat,Clausura - 13,2023-03-26T01:05:00+00:00
A. Lozano,0,Correcaminos Uat,Clausura - 13,2023-03-26T01:05:00+00:00
A. Ortega,0,Correcaminos Uat,Clausura - 13,2023-03-26T01:05:00+00:00
M. Viera,0,Correcaminos Uat,Clausura - 13,2023-03-26T01:05:00+00:00
M. Zúñiga,0,Correcaminos Uat,Clausura - 13,2023-03-26T01:05:00+00:00
L. González,0,Correcaminos Uat,Clausura - 13,2023-03-26T01:05:00+00:00
O. González,90,Mineros de Zacatecas,Clausura - 13,2023-03-26T01:05:00+00:00
H. Torres,90,Mineros de Zacatecas,Clausura - 13,2023-03-26T01:05:00+00:00
J. Rodarte,90,Mineros de Zacatecas,Clausura - 13,2023-03-26T01:05:00+00:00
A. Mendoza,90,Mineros de Zacatecas,Clausura - 13,2023-03-26T01:05:00+00:00
J. Jiménez,54,Mineros de Zacatecas,Clausura - 13,2023-03-26T01:05:00+00:00
J. Clemente,67,Mineros de Zacatecas,Clausura - 13,2023-03-26T01:05:00+00:00
H. Meza,90,Mineros de Zacatecas,Clausura - 13,2023-03-26T01:05:00+00:00
J. Rodríguez,67,Mineros de Zacatecas,Clausura - 13,2023-03-26T01:05:00+00:00
K. Chaurand,54,Mineros de Zacatecas,Clausura - 13,2023-03-26T01:05:00+00:00
K. Magaña,90,Mineros de Zacatecas,Clausura - 13,2023-03-26T01:05:00+00:00
J. Vega,74,Mineros de Zacatecas,Clausura - 13,2023-03-26T01:05:00+00:00
C. Sánchez,36,Mineros de Zacatecas,Clausura - 13,2023-03-26T01:05:00+00:00
L. Razo,36,Mineros de Zacatecas,Clausura - 13,2023-03-26T01:05:00+00:00
P. Padilla,23,Mineros de Zacatecas,Clausura - 13,2023-03-26T01:05:00+00:00
D. Vásquez,23,Mineros de Zacatecas,Clausura - 13,2023-03-26T01:05:00+00:00
D. Piñón,16,Mineros de Zacatecas,Clausura - 13,2023-03-26T01:05:00+00:00
A. Sánchez,0,Mineros de Zacatecas,Clausura - 13,2023-03-26T01:05:00+00:00
S. Robles,0,Mineros de Zacatecas,Clausura - 13,2023-03-26T01:05:00+00:00
L. Hernández,0,Mineros de Zacatecas,Clausura - 13,2023-03-26T01:05:00+00:00
M. Fraga,0,Mineros de Zacatecas,Clausura - 13,2023-03-26T01:05:00+00:00
M. López,0,Mineros de Zacatecas,Clausura - 13,2023-03-26T01:05:00+00:00
M. Fraga,90,Mineros de Zacatecas,Clausura - 6,2023-02-10T23:00:00+00:00
P. Jaquez,90,Mineros de Zacatecas,Clausura - 6,2023-02-10T23:00:00+00:00
O. Mireles,90,Mineros de Zacatecas,Clausura - 6,2023-02-10T23:00:00+00:00
C. Sánchez,84,Mineros de Zacatecas,Clausura - 6,2023-02-10T23:00:00+00:00
J. Jiménez,90,Mineros de Zacatecas,Clausura - 6,2023-02-10T23:00:00+00:00
F. Plascencia,90,Mineros de Zacatecas,Clausura - 6,2023-02-10T23:00:00+00:00
H. Meza,90,Mineros de Zacatecas,Clausura - 6,2023-02-10T23:00:00+00:00
J. Rodríguez,76,Mineros de Zacatecas,Clausura - 6,2023-02-10T23:00:00+00:00
C. Blanco,90,Mineros de Zacatecas,Clausura - 6,2023-02-10T23:00:00+00:00
K. Chaurand,84,Mineros de Zacatecas,Clausura - 6,2023-02-10T23:00:00+00:00
J. Vega,46,Mineros de Zacatecas,Clausura - 6,2023-02-10T23:00:00+00:00
D. Piñón,44,Mineros de Zacatecas,Clausura - 6,2023-02-10T23:00:00+00:00
L. Razo,14,Mineros de Zacatecas,Clausura - 6,2023-02-10T23:00:00+00:00
A. Sánchez,6,Mineros de Zacatecas,Clausura - 6,2023-02-10T23:00:00+00:00
L. Hernández,6,Mineros de Zacatecas,Clausura - 6,2023-02-10T23:00:00+00:00
S. Robles,0,Mineros de Zacatecas,Clausura - 6,2023-02-10T23:00:00+00:00
A. Mendoza,0,Mineros de Zacatecas,Clausura - 6,2023-02-10T23:00:00+00:00
H. Torres,0,Mineros de Zacatecas,Clausura - 6,2023-02-10T23:00:00+00:00
O. González,0,Mineros de Zacatecas,Clausura - 6,2023-02-10T23:00:00+00:00
J. Rodarte,0,Mineros de Zacatecas,Clausura - 6,2023-02-10T23:00:00+00:00
D. Espinosa,0,Mineros de Zacatecas,Clausura - 6,2023-02-10T23:00:00+00:00
A. Dogre,90,Venados FC,Clausura - 6,2023-02-10T23:00:00+00:00
A. Luna,90,Venados FC,Clausura - 6,2023-02-10T23:00:00+00:00
R. Noya,90,Venados FC,Clausura - 6,2023-02-10T23:00:00+00:00
J. Vega,58,Venados FC,Clausura - 6,2023-02-10T23:00:00+00:00
A. Catalán,84,Venados FC,Clausura - 6,2023-02-10T23:00:00+00:00
M. Reyna,90,Venados FC,Clausura - 6,2023-02-10T23:00:00+00:00
N. Cardozo,90,Venados FC,Clausura - 6,2023-02-10T23:00:00+00:00
M. García,90,Venados FC,Clausura - 6,2023-02-10T23:00:00+00:00
S. Lora,90,Venados FC,Clausura - 6,2023-02-10T23:00:00+00:00
Á. López,58,Venados FC,Clausura - 6,2023-02-10T23:00:00+00:00
P. Zerecero,69,Venados FC,Clausura - 6,2023-02-10T23:00:00+00:00
K. Amador,32,Venados FC,Clausura - 6,2023-02-10T23:00:00+00:00
F. García,32,Venados FC,Clausura - 6,2023-02-10T23:00:00+00:00
J. Rodríguez,21,Venados FC,Clausura - 6,2023-02-10T23:00:00+00:00
A. Díaz Santana,6,Venados FC,Clausura - 6,2023-02-10T23:00:00+00:00
F. Tapia,0,Venados FC,Clausura - 6,2023-02-10T23:00:00+00:00
E. Fernández,0,Venados FC,Clausura - 6,2023-02-10T23:00:00+00:00
J. Barragán,0,Venados FC,Clausura - 6,2023-02-10T23:00:00+00:00
M. Mayo,0,Venados FC,Clausura - 6,2023-02-10T23:00:00+00:00
J. Martínez,0,Venados FC,Clausura - 6,2023-02-10T23:00:00+00:00
H. Hernández,90,Atlante FC,Apertura - Quarter-finals,2022-10-30T01:15:00+00:00
J. Sánchez,90,Atlante FC,Apertura - Quarter-finals,2022-10-30T01:15:00+00:00
J. Portales,90,Atlante FC,Apertura - Quarter-finals,2022-10-30T01:15:00+00:00
F. Reyes,90,Atlante FC,Apertura - Quarter-finals,2022-10-30T01:15:00+00:00
C. Bermúdez,86,Atlante FC,Apertura - Quarter-finals,2022-10-30T01:15:00+00:00
Rolando González,90,Atlante FC,Apertura - Quarter-finals,2022-10-30T01:15:00+00:00
F. Ramírez,46,Atlante FC,Apertura - Quarter-finals,2022-10-30T01:15:00+00:00
E. Partida,90,Atlante FC,Apertura - Quarter-finals,2022-10-30T01:15:00+00:00
D. Lajud,85,Atlante FC,Apertura - Quarter-finals,2022-10-30T01:15:00+00:00
Jonathan Martínez,90,Atlante FC,Apertura - Quarter-finals,2022-10-30T01:15:00+00:00
J. Domínguez,79,Atlante FC,Apertura - Quarter-finals,2022-10-30T01:15:00+00:00
O. Soto,44,Atlante FC,Apertura - Quarter-finals,2022-10-30T01:15:00+00:00
D. López,11,Atlante FC,Apertura - Quarter-finals,2022-10-30T01:15:00+00:00
R. Costa,5,Atlante FC,Apertura - Quarter-finals,2022-10-30T01:15:00+00:00
M. García,4,Atlante FC,Apertura - Quarter-finals,2022-10-30T01:15:00+00:00
A. Cárdenas,0,Atlante FC,Apertura - Quarter-finals,2022-10-30T01:15:00+00:00
M. Galván,0,Atlante FC,Apertura - Quarter-finals,2022-10-30T01:15:00+00:00
Ravel,0,Atlante FC,Apertura - Quarter-finals,2022-10-30T01:15:00+00:00
J. González,0,Atlante FC,Apertura - Quarter-finals,2022-10-30T01:15:00+00:00
J. Velásquez,0,Atlante FC,Apertura - Quarter-finals,2022-10-30T01:15:00+00:00
E. Jiménez,0,Atlante FC,Apertura - Quarter-finals,2022-10-30T01:15:00+00:00
M. Fraga,90,Mineros de Zacatecas,Apertura - Quarter-finals,2022-10-30T01:15:00+00:00
H. Torres,90,Mineros de Zacatecas,Apertura - Quarter-finals,2022-10-30T01:15:00+00:00
E. Monreal,90,Mineros de Zacatecas,Apertura - Quarter-finals,2022-10-30T01:15:00+00:00
C. Sánchez,54,Mineros de Zacatecas,Apertura - Quarter-finals,2022-10-30T01:15:00+00:00
J. Plascencia,90,Mineros de Zacatecas,Apertura - Quarter-finals,2022-10-30T01:15:00+00:00
J. Clemente,90,Mineros de Zacatecas,Apertura - Quarter-finals,2022-10-30T01:15:00+00:00
H. Meza,90,Mineros de Zacatecas,Apertura - Quarter-finals,2022-10-30T01:15:00+00:00
Ó. Mazatán,69,Mineros de Zacatecas,Apertura - Quarter-finals,2022-10-30T01:15:00+00:00
C. Blanco,90,Mineros de Zacatecas,Apertura - Quarter-finals,2022-10-30T01:15:00+00:00
L. Razo,77,Mineros de Zacatecas,Apertura - Quarter-finals,2022-10-30T01:15:00+00:00
J. Vega,77,Mineros de Zacatecas,Apertura - Quarter-finals,2022-10-30T01:15:00+00:00
H. Mascorro,36,Mineros de Zacatecas,Apertura - Quarter-finals,2022-10-30T01:15:00+00:00
L. Hernández,21,Mineros de Zacatecas,Apertura - Quarter-finals,2022-10-30T01:15:00+00:00
J. Rodríguez,13,Mineros de Zacatecas,Apertura - Quarter-finals,2022-10-30T01:15:00+00:00
K. Chaurand,13,Mineros de Zacatecas,Apertura - Quarter-finals,2022-10-30T01:15:00+00:00
A. Sánchez,0,Mineros de Zacatecas,Apertura - Quarter-finals,2022-10-30T01:15:00+00:00
S. Ceballos,0,Mineros de Zacatecas,Apertura - Quarter-finals,2022-10-30T01:15:00+00:00
J. Cobián,0,Mineros de Zacatecas,Apertura - Quarter-finals,2022-10-30T01:15:00+00:00
K. Magaña,0,Mineros de Zacatecas,Apertura - Quarter-finals,2022-10-30T01:15:00+00:00
J. Henestrosa,0,Mineros de Zacatecas,Apertura - Quarter-finals,2022-10-30T01:15:00+00:00
O. González,0,Mineros de Zacatecas,Apertura - Quarter-finals,2022-10-30T01:15:00+00:00
M. Fraga,90,Mineros de Zacatecas,Clausura - 7,2023-02-17T01:05:00+00:00
C. Sánchez,90,Mineros de Zacatecas,Clausura - 7,2023-02-17T01:05:00+00:00
J. Rodarte,90,Mineros de Zacatecas,Clausura - 7,2023-02-17T01:05:00+00:00
F. Plascencia,90,Mineros de Zacatecas,Clausura - 7,2023-02-17T01:05:00+00:00
J. Clemente,63,Mineros de Zacatecas,Clausura - 7,2023-02-17T01:05:00+00:00
H. Meza,90,Mineros de Zacatecas,Clausura - 7,2023-02-17T01:05:00+00:00
Ó. Mazatán,90,Mineros de Zacatecas,Clausura - 7,2023-02-17T01:05:00+00:00
J. Rodríguez,71,Mineros de Zacatecas,Clausura - 7,2023-02-17T01:05:00+00:00
C. Blanco,90,Mineros de Zacatecas,Clausura - 7,2023-02-17T01:05:00+00:00
K. Chaurand,90,Mineros de Zacatecas,Clausura - 7,2023-02-17T01:05:00+00:00
L. Razo,60,Mineros de Zacatecas,Clausura - 7,2023-02-17T01:05:00+00:00
J. Vega,30,Mineros de Zacatecas,Clausura - 7,2023-02-17T01:05:00+00:00
D. Vásquez,27,Mineros de Zacatecas,Clausura - 7,2023-02-17T01:05:00+00:00
D. Piñón,19,Mineros de Zacatecas,Clausura - 7,2023-02-17T01:05:00+00:00
A. Sánchez,0,Mineros de Zacatecas,Clausura - 7,2023-02-17T01:05:00+00:00
S. Robles,0,Mineros de Zacatecas,Clausura - 7,2023-02-17T01:05:00+00:00
A. Mendoza,0,Mineros de Zacatecas,Clausura - 7,2023-02-17T01:05:00+00:00
K. Magaña,0,Mineros de Zacatecas,Clausura - 7,2023-02-17T01:05:00+00:00
H. Torres,0,Mineros de Zacatecas,Clausura - 7,2023-02-17T01:05:00+00:00
L. Hernández,0,Mineros de Zacatecas,Clausura - 7,2023-02-17T01:05:00+00:00
O. González,0,Mineros de Zacatecas,Clausura - 7,2023-02-17T01:05:00+00:00
F. Hernández,90,Raya2,Clausura - 7,2023-02-17T01:05:00+00:00
S. Villarreal,90,Raya2,Clausura - 7,2023-02-17T01:05:00+00:00
A. Grijalva,90,Raya2,Clausura - 7,2023-02-17T01:05:00+00:00
S. Rodríguez,90,Raya2,Clausura - 7,2023-02-17T01:05:00+00:00
A. Gutiérrez,90,Raya2,Clausura - 7,2023-02-17T01:05:00+00:00
Á. Zapata,90,Raya2,Clausura - 7,2023-02-17T01:05:00+00:00
J. Martínez,82,Raya2,Clausura - 7,2023-02-17T01:05:00+00:00
V. López,90,Raya2,Clausura - 7,2023-02-17T01:05:00+00:00
J. Reyes,66,Raya2,Clausura - 7,2023-02-17T01:05:00+00:00
D. Sayago,81,Raya2,Clausura - 7,2023-02-17T01:05:00+00:00
E. Carballo,58,Raya2,Clausura - 7,2023-02-17T01:05:00+00:00
D. Guillén,32,Raya2,Clausura - 7,2023-02-17T01:05:00+00:00
A. Morales,24,Raya2,Clausura - 7,2023-02-17T01:05:00+00:00
J. Marcelino,9,Raya2,Clausura - 7,2023-02-17T01:05:00+00:00
O. Botello,8,Raya2,Clausura - 7,2023-02-17T01:05:00+00:00
J. Casillas,0,Raya2,Clausura - 7,2023-02-17T01:05:00+00:00
J. Moreno,0,Raya2,Clausura - 7,2023-02-17T01:05:00+00:00
M. Torres,0,Raya2,Clausura - 7,2023-02-17T01:05:00+00:00
G. Allison,90,Celaya,Clausura - 15,2023-04-05T23:00:00+00:00
L. López,90,Celaya,Clausura - 15,2023-04-05T23:00:00+00:00
R. Peña,90,Celaya,Clausura - 15,2023-04-05T23:00:00+00:00
R. Melgarejo,90,Celaya,Clausura - 15,2023-04-05T23:00:00+00:00
J. Gómez,90,Celaya,Clausura - 15,2023-04-05T23:00:00+00:00
C. Rodríguez,54,Celaya,Clausura - 15,2023-04-05T23:00:00+00:00
A. Domínguez,90,Celaya,Clausura - 15,2023-04-05T23:00:00+00:00
H. Pérez,46,Celaya,Clausura - 15,2023-04-05T23:00:00+00:00
A. Escoto,76,Celaya,Clausura - 15,2023-04-05T23:00:00+00:00
R. Marín,90,Celaya,Clausura - 15,2023-04-05T23:00:00+00:00
J. Hernández,46,Celaya,Clausura - 15,2023-04-05T23:00:00+00:00
E. Del Ángel,44,Celaya,Clausura - 15,2023-04-05T23:00:00+00:00
G. Acosta,44,Celaya,Clausura - 15,2023-04-05T23:00:00+00:00
R. Hernández,36,Celaya,Clausura - 15,2023-04-05T23:00:00+00:00
J. Canales,14,Celaya,Clausura - 15,2023-04-05T23:00:00+00:00
B. Aguilar,0,Celaya,Clausura - 15,2023-04-05T23:00:00+00:00
N. Topete,0,Celaya,Clausura - 15,2023-04-05T23:00:00+00:00
F. Vera,0,Celaya,Clausura - 15,2023-04-05T23:00:00+00:00
J. Zazueta,0,Celaya,Clausura - 15,2023-04-05T23:00:00+00:00
C. Monges,0,Celaya,Clausura - 15,2023-04-05T23:00:00+00:00
A. Acosta,0,Celaya,Clausura - 15,2023-04-05T23:00:00+00:00
O. González,90,Mineros de Zacatecas,Clausura - 15,2023-04-05T23:00:00+00:00
H. Torres,90,Mineros de Zacatecas,Clausura - 15,2023-04-05T23:00:00+00:00
J. Rodarte,90,Mineros de Zacatecas,Clausura - 15,2023-04-05T23:00:00+00:00
J. Jiménez,90,Mineros de Zacatecas,Clausura - 15,2023-04-05T23:00:00+00:00
F. Plascencia,85,Mineros de Zacatecas,Clausura - 15,2023-04-05T23:00:00+00:00
J. Clemente,90,Mineros de Zacatecas,Clausura - 15,2023-04-05T23:00:00+00:00
H. Meza,90,Mineros de Zacatecas,Clausura - 15,2023-04-05T23:00:00+00:00
Ó. Mazatán,90,Mineros de Zacatecas,Clausura - 15,2023-04-05T23:00:00+00:00
K. Chaurand,59,Mineros de Zacatecas,Clausura - 15,2023-04-05T23:00:00+00:00
K. Magaña,75,Mineros de Zacatecas,Clausura - 15,2023-04-05T23:00:00+00:00
L. Razo,75,Mineros de Zacatecas,Clausura - 15,2023-04-05T23:00:00+00:00
J. Vega,31,Mineros de Zacatecas,Clausura - 15,2023-04-05T23:00:00+00:00
C. Sánchez,15,Mineros de Zacatecas,Clausura - 15,2023-04-05T23:00:00+00:00
D. Vásquez,15,Mineros de Zacatecas,Clausura - 15,2023-04-05T23:00:00+00:00
A. Mendoza,5,Mineros de Zacatecas,Clausura - 15,2023-04-05T23:00:00+00:00
A. Sánchez,0,Mineros de Zacatecas,Clausura - 15,2023-04-05T23:00:00+00:00
O. Mireles,0,Mineros de Zacatecas,Clausura - 15,2023-04-05T23:00:00+00:00
J. Rodríguez,0,Mineros de Zacatecas,Clausura - 15,2023-04-05T23:00:00+00:00
L. Hernández,0,Mineros de Zacatecas,Clausura - 15,2023-04-05T23:00:00+00:00
M. Fraga,0,Mineros de Zacatecas,Clausura - 15,2023-04-05T23:00:00+00:00
D. Piñón,0,Mineros de Zacatecas,Clausura - 15,2023-04-05T23:00:00+00:00
C. López,90,Tepatitlán,Clausura - 8,2023-02-22T23:00:00+00:00
A. Zamora,46,Tepatitlán,Clausura - 8,2023-02-22T23:00:00+00:00
B. Vázquez,90,Tepatitlán,Clausura - 8,2023-02-22T23:00:00+00:00
O. De La Cruz,90,Tepatitlán,Clausura - 8,2023-02-22T23:00:00+00:00
F. Ponce,90,Tepatitlán,Clausura - 8,2023-02-22T23:00:00+00:00
S. Medina,90,Tepatitlán,Clausura - 8,2023-02-22T23:00:00+00:00
É. Rivera,53,Tepatitlán,Clausura - 8,2023-02-22T23:00:00+00:00
I. Acero,90,Tepatitlán,Clausura - 8,2023-02-22T23:00:00+00:00
B. Gambarte,54,Tepatitlán,Clausura - 8,2023-02-22T23:00:00+00:00
S. Martínez,54,Tepatitlán,Clausura - 8,2023-02-22T23:00:00+00:00
C. Santana,16,Tepatitlán,Clausura - 8,2023-02-22T23:00:00+00:00
I. Márquez,74,Tepatitlán,Clausura - 8,2023-02-22T23:00:00+00:00
L. Robles,44,Tepatitlán,Clausura - 8,2023-02-22T23:00:00+00:00
J. Barraza,37,Tepatitlán,Clausura - 8,2023-02-22T23:00:00+00:00
L. Márquez,36,Tepatitlán,Clausura - 8,2023-02-22T23:00:00+00:00
J. Mungaray,36,Tepatitlán,Clausura - 8,2023-02-22T23:00:00+00:00
S. Mora-Mora,0,Tepatitlán,Clausura - 8,2023-02-22T23:00:00+00:00
J. Ocon,0,Tepatitlán,Clausura - 8,2023-02-22T23:00:00+00:00
A. Valadéz,0,Tepatitlán,Clausura - 8,2023-02-22T23:00:00+00:00
C. Alvarado,0,Tepatitlán,Clausura - 8,2023-02-22T23:00:00+00:00
A. Bravo,0,Tepatitlán,Clausura - 8,2023-02-22T23:00:00+00:00
M. Fraga,90,Mineros de Zacatecas,Clausura - 8,2023-02-22T23:00:00+00:00
H. Torres,90,Mineros de Zacatecas,Clausura - 8,2023-02-22T23:00:00+00:00
C. Sánchez,76,Mineros de Zacatecas,Clausura - 8,2023-02-22T23:00:00+00:00
F. Plascencia,90,Mineros de Zacatecas,Clausura - 8,2023-02-22T23:00:00+00:00
H. Meza,46,Mineros de Zacatecas,Clausura - 8,2023-02-22T23:00:00+00:00
Ó. Mazatán,90,Mineros de Zacatecas,Clausura - 8,2023-02-22T23:00:00+00:00
J. Rodríguez,60,Mineros de Zacatecas,Clausura - 8,2023-02-22T23:00:00+00:00
C. Blanco,90,Mineros de Zacatecas,Clausura - 8,2023-02-22T23:00:00+00:00
K. Chaurand,46,Mineros de Zacatecas,Clausura - 8,2023-02-22T23:00:00+00:00
K. Magaña,90,Mineros de Zacatecas,Clausura - 8,2023-02-22T23:00:00+00:00
D. Vásquez,46,Mineros de Zacatecas,Clausura - 8,2023-02-22T23:00:00+00:00
L. Razo,44,Mineros de Zacatecas,Clausura - 8,2023-02-22T23:00:00+00:00
J. Vega,44,Mineros de Zacatecas,Clausura - 8,2023-02-22T23:00:00+00:00
J. Clemente,44,Mineros de Zacatecas,Clausura - 8,2023-02-22T23:00:00+00:00
A. Mendoza,30,Mineros de Zacatecas,Clausura - 8,2023-02-22T23:00:00+00:00
S. Robles,14,Mineros de Zacatecas,Clausura - 8,2023-02-22T23:00:00+00:00
A. Sánchez,0,Mineros de Zacatecas,Clausura - 8,2023-02-22T23:00:00+00:00
O. Mireles,0,Mineros de Zacatecas,Clausura - 8,2023-02-22T23:00:00+00:00
O. González,0,Mineros de Zacatecas,Clausura - 8,2023-02-22T23:00:00+00:00
D. Piñón,0,Mineros de Zacatecas,Clausura - 8,2023-02-22T23:00:00+00:00
J. Rodarte,0,Mineros de Zacatecas,Clausura - 8,2023-02-22T23:00:00+00:00
M. Fraga,90,Mineros de Zacatecas,Clausura - 4,2023-01-28T23:00:00+00:00
H. Torres,53,Mineros de Zacatecas,Clausura - 4,2023-01-28T23:00:00+00:00
O. Mireles,90,Mineros de Zacatecas,Clausura - 4,2023-01-28T23:00:00+00:00
J. Jiménez,90,Mineros de Zacatecas,Clausura - 4,2023-01-28T23:00:00+00:00
F. Plascencia,57,Mineros de Zacatecas,Clausura - 4,2023-01-28T23:00:00+00:00
J. Clemente,65,Mineros de Zacatecas,Clausura - 4,2023-01-28T23:00:00+00:00
P. Padilla,90,Mineros de Zacatecas,Clausura - 4,2023-01-28T23:00:00+00:00
H. Meza,65,Mineros de Zacatecas,Clausura - 4,2023-01-28T23:00:00+00:00
C. Blanco,90,Mineros de Zacatecas,Clausura - 4,2023-01-28T23:00:00+00:00
L. Razo,90,Mineros de Zacatecas,Clausura - 4,2023-01-28T23:00:00+00:00
J. Vega,57,Mineros de Zacatecas,Clausura - 4,2023-01-28T23:00:00+00:00
J. Rodarte,37,Mineros de Zacatecas,Clausura - 4,2023-01-28T23:00:00+00:00
A. Mendoza,33,Mineros de Zacatecas,Clausura - 4,2023-01-28T23:00:00+00:00
J. Rodríguez,33,Mineros de Zacatecas,Clausura - 4,2023-01-28T23:00:00+00:00
C. Sánchez,25,Mineros de Zacatecas,Clausura - 4,2023-01-28T23:00:00+00:00
L. Hernández,25,Mineros de Zacatecas,Clausura - 4,2023-01-28T23:00:00+00:00
A. Sánchez,0,Mineros de Zacatecas,Clausura - 4,2023-01-28T23:00:00+00:00
S. Robles,0,Mineros de Zacatecas,Clausura - 4,2023-01-28T23:00:00+00:00
P. Jaquez,0,Mineros de Zacatecas,Clausura - 4,2023-01-28T23:00:00+00:00
K. Chaurand,0,Mineros de Zacatecas,Clausura - 4,2023-01-28T23:00:00+00:00
O. González,0,Mineros de Zacatecas,Clausura - 4,2023-01-28T23:00:00+00:00
A. Peláez,90,Durango,Clausura - 4,2023-01-28T23:00:00+00:00
A. Mendoza,90,Durango,Clausura - 4,2023-01-28T23:00:00+00:00
Ó. Torres,80,Durango,Clausura - 4,2023-01-28T23:00:00+00:00
S. Vázquez,90,Durango,Clausura - 4,2023-01-28T23:00:00+00:00
J. Muñoz,90,Durango,Clausura - 4,2023-01-28T23:00:00+00:00
J. Cobián,69,Durango,Clausura - 4,2023-01-28T23:00:00+00:00
E. Cerna,90,Durango,Clausura - 4,2023-01-28T23:00:00+00:00
J. Tovar,42,Durango,Clausura - 4,2023-01-28T23:00:00+00:00
W. Guzmán,90,Durango,Clausura - 4,2023-01-28T23:00:00+00:00
J. Rodríguez,69,Durango,Clausura - 4,2023-01-28T23:00:00+00:00
J. López,69,Durango,Clausura - 4,2023-01-28T23:00:00+00:00
A. López,48,Durango,Clausura - 4,2023-01-28T23:00:00+00:00
M. Cordero,21,Durango,Clausura - 4,2023-01-28T23:00:00+00:00
F. Escalante,21,Durango,Clausura - 4,2023-01-28T23:00:00+00:00
C. Siqueiros,21,Durango,Clausura - 4,2023-01-28T23:00:00+00:00
W. Rovira,10,Durango,Clausura - 4,2023-01-28T23:00:00+00:00
C. Flores,0,Durango,Clausura - 4,2023-01-28T23:00:00+00:00
B. Rosas,0,Durango,Clausura - 4,2023-01-28T23:00:00+00:00
F. Quiñónes,0,Durango,Clausura - 4,2023-01-28T23:00:00+00:00
S. Arce,0,Durango,Clausura - 4,2023-01-28T23:00:00+00:00
F. Martínez,0,Durango,Clausura - 4,2023-01-28T23:00:00+00:00
H. Hernández,90,Atlante FC,Clausura - 5,2023-02-01T01:05:00+00:00
R. González,90,Atlante FC,Clausura - 5,2023-02-01T01:05:00+00:00
Elbis,90,Atlante FC,Clausura - 5,2023-02-01T01:05:00+00:00
J. Portales,90,Atlante FC,Clausura - 5,2023-02-01T01:05:00+00:00
A. Escobar,46,Atlante FC,Clausura - 5,2023-02-01T01:05:00+00:00
F. Reyes,90,Atlante FC,Clausura - 5,2023-02-01T01:05:00+00:00
C. Bermúdez,83,Atlante FC,Clausura - 5,2023-02-01T01:05:00+00:00
M. Velázquez,83,Atlante FC,Clausura - 5,2023-02-01T01:05:00+00:00
Daniel Lajud,83,Atlante FC,Clausura - 5,2023-02-01T01:05:00+00:00
J. Martínez,90,Atlante FC,Clausura - 5,2023-02-01T01:05:00+00:00
J. Angulo,43,Atlante FC,Clausura - 5,2023-02-01T01:05:00+00:00
I. Ochoa,47,Atlante FC,Clausura - 5,2023-02-01T01:05:00+00:00
M. Galván,44,Atlante FC,Clausura - 5,2023-02-01T01:05:00+00:00
C. López,7,Atlante FC,Clausura - 5,2023-02-01T01:05:00+00:00
M. García,7,Atlante FC,Clausura - 5,2023-02-01T01:05:00+00:00
D. López,7,Atlante FC,Clausura - 5,2023-02-01T01:05:00+00:00
R. Cerecedo,0,Atlante FC,Clausura - 5,2023-02-01T01:05:00+00:00
A. Cárdenas,0,Atlante FC,Clausura - 5,2023-02-01T01:05:00+00:00
J. Velásquez,0,Atlante FC,Clausura - 5,2023-02-01T01:05:00+00:00
E. Jiménez,0,Atlante FC,Clausura - 5,2023-02-01T01:05:00+00:00
S. Caicedo,0,Atlante FC,Clausura - 5,2023-02-01T01:05:00+00:00
M. Fraga,90,Mineros de Zacatecas,Clausura - 5,2023-02-01T01:05:00+00:00
A. Sánchez,90,Mineros de Zacatecas,Clausura - 5,2023-02-01T01:05:00+00:00
H. Torres,90,Mineros de Zacatecas,Clausura - 5,2023-02-01T01:05:00+00:00
O. Mireles,90,Mineros de Zacatecas,Clausura - 5,2023-02-01T01:05:00+00:00
C. Sánchez,90,Mineros de Zacatecas,Clausura - 5,2023-02-01T01:05:00+00:00
A. Mendoza,61,Mineros de Zacatecas,Clausura - 5,2023-02-01T01:05:00+00:00
J. Jiménez,64,Mineros de Zacatecas,Clausura - 5,2023-02-01T01:05:00+00:00
F. Plascencia,74,Mineros de Zacatecas,Clausura - 5,2023-02-01T01:05:00+00:00
C. Blanco,90,Mineros de Zacatecas,Clausura - 5,2023-02-01T01:05:00+00:00
L. Razo,61,Mineros de Zacatecas,Clausura - 5,2023-02-01T01:05:00+00:00
J. Vega,74,Mineros de Zacatecas,Clausura - 5,2023-02-01T01:05:00+00:00
J. Rodríguez,29,Mineros de Zacatecas,Clausura - 5,2023-02-01T01:05:00+00:00
K. Chaurand,29,Mineros de Zacatecas,Clausura - 5,2023-02-01T01:05:00+00:00
S. Robles,26,Mineros de Zacatecas,Clausura - 5,2023-02-01T01:05:00+00:00
P. Padilla,16,Mineros de Zacatecas,Clausura - 5,2023-02-01T01:05:00+00:00
H. Meza,16,Mineros de Zacatecas,Clausura - 5,2023-02-01T01:05:00+00:00
P. Jaquez,0,Mineros de Zacatecas,Clausura - 5,2023-02-01T01:05:00+00:00
L. Hernández,0,Mineros de Zacatecas,Clausura - 5,2023-02-01T01:05:00+00:00
O. González,0,Mineros de Zacatecas,Clausura - 5,2023-02-01T01:05:00+00:00
J. Rodarte,0,Mineros de Zacatecas,Clausura - 5,2023-02-01T01:05:00+00:00
D. Piñón,0,Mineros de Zacatecas,Clausura - 5,2023-02-01T01:05:00+00:00
M. Fraga,90,Mineros de Zacatecas,Apertura - Quarter-finals,2022-10-27T00:05:00+00:00
H. Torres,90,Mineros de Zacatecas,Apertura - Quarter-finals,2022-10-27T00:05:00+00:00
E. Monreal,90,Mineros de Zacatecas,Apertura - Quarter-finals,2022-10-27T00:05:00+00:00
J. Henestrosa,75,Mineros de Zacatecas,Apertura - Quarter-finals,2022-10-27T00:05:00+00:00
H. Mascorro,69,Mineros de Zacatecas,Apertura - Quarter-finals,2022-10-27T00:05:00+00:00
J. Plascencia,90,Mineros de Zacatecas,Apertura - Quarter-finals,2022-10-27T00:05:00+00:00
J. Clemente,90,Mineros de Zacatecas,Apertura - Quarter-finals,2022-10-27T00:05:00+00:00
Ó. Mazatán,82,Mineros de Zacatecas,Apertura - Quarter-finals,2022-10-27T00:05:00+00:00
C. Blanco,90,Mineros de Zacatecas,Apertura - Quarter-finals,2022-10-27T00:05:00+00:00
L. Razo,69,Mineros de Zacatecas,Apertura - Quarter-finals,2022-10-27T00:05:00+00:00
J. Vega,75,Mineros de Zacatecas,Apertura - Quarter-finals,2022-10-27T00:05:00+00:00
J. Rodríguez,21,Mineros de Zacatecas,Apertura - Quarter-finals,2022-10-27T00:05:00+00:00
K. Chaurand,21,Mineros de Zacatecas,Apertura - Quarter-finals,2022-10-27T00:05:00+00:00
L. Hernández,15,Mineros de Zacatecas,Apertura - Quarter-finals,2022-10-27T00:05:00+00:00
C. Sánchez,15,Mineros de Zacatecas,Apertura - Quarter-finals,2022-10-27T00:05:00+00:00
H. Meza,8,Mineros de Zacatecas,Apertura - Quarter-finals,2022-10-27T00:05:00+00:00
A. Sánchez,0,Mineros de Zacatecas,Apertura - Quarter-finals,2022-10-27T00:05:00+00:00
S. Ceballos,0,Mineros de Zacatecas,Apertura - Quarter-finals,2022-10-27T00:05:00+00:00
R. Villamizar,0,Mineros de Zacatecas,Apertura - Quarter-finals,2022-10-27T00:05:00+00:00
K. Magaña,0,Mineros de Zacatecas,Apertura - Quarter-finals,2022-10-27T00:05:00+00:00
O. González,0,Mineros de Zacatecas,Apertura - Quarter-finals,2022-10-27T00:05:00+00:00
H. Hernández,90,Atlante FC,Apertura - Quarter-finals,2022-10-27T00:05:00+00:00
J. Sánchez,90,Atlante FC,Apertura - Quarter-finals,2022-10-27T00:05:00+00:00
J. Portales,90,Atlante FC,Apertura - Quarter-finals,2022-10-27T00:05:00+00:00
F. Reyes,90,Atlante FC,Apertura - Quarter-finals,2022-10-27T00:05:00+00:00
C. Bermúdez,82,Atlante FC,Apertura - Quarter-finals,2022-10-27T00:05:00+00:00
Rolando González,90,Atlante FC,Apertura - Quarter-finals,2022-10-27T00:05:00+00:00
J. Venegas,90,Atlante FC,Apertura - Quarter-finals,2022-10-27T00:05:00+00:00
E. Partida,90,Atlante FC,Apertura - Quarter-finals,2022-10-27T00:05:00+00:00
D. Lajud,82,Atlante FC,Apertura - Quarter-finals,2022-10-27T00:05:00+00:00
Jonathan Martínez,90,Atlante FC,Apertura - Quarter-finals,2022-10-27T00:05:00+00:00
J. Domínguez,76,Atlante FC,Apertura - Quarter-finals,2022-10-27T00:05:00+00:00
F. Ramírez,14,Atlante FC,Apertura - Quarter-finals,2022-10-27T00:05:00+00:00
M. Galván,8,Atlante FC,Apertura - Quarter-finals,2022-10-27T00:05:00+00:00
R. Costa,8,Atlante FC,Apertura - Quarter-finals,2022-10-27T00:05:00+00:00
O. Soto,0,Atlante FC,Apertura - Quarter-finals,2022-10-27T00:05:00+00:00
M. García,0,Atlante FC,Apertura - Quarter-finals,2022-10-27T00:05:00+00:00
A. Cárdenas,0,Atlante FC,Apertura - Quarter-finals,2022-10-27T00:05:00+00:00
J. Ceceña,0,Atlante FC,Apertura - Quarter-finals,2022-10-27T00:05:00+00:00
D. López,0,Atlante FC,Apertura - Quarter-finals,2022-10-27T00:05:00+00:00
Ravel,0,Atlante FC,Apertura - Quarter-finals,2022-10-27T00:05:00+00:00
J. Velásquez,0,Atlante FC,Apertura - Quarter-finals,2022-10-27T00:05:00+00:00
C. Moreno,90,CA La Paz,Clausura - 1,2023-01-05T01:05:00+00:00
U. Zurita,90,CA La Paz,Clausura - 1,2023-01-05T01:05:00+00:00
F. Agüero,90,CA La Paz,Clausura - 1,2023-01-05T01:05:00+00:00
P. Ruiz,90,CA La Paz,Clausura - 1,2023-01-05T01:05:00+00:00
N. Gómez,75,CA La Paz,Clausura - 1,2023-01-05T01:05:00+00:00
A. Martín,81,CA La Paz,Clausura - 1,2023-01-05T01:05:00+00:00
R. Mendoza,68,CA La Paz,Clausura - 1,2023-01-05T01:05:00+00:00
M. Ibarra,68,CA La Paz,Clausura - 1,2023-01-05T01:05:00+00:00
F. Santos,90,CA La Paz,Clausura - 1,2023-01-05T01:05:00+00:00
M. Benítez,90,CA La Paz,Clausura - 1,2023-01-05T01:05:00+00:00
V. Moragrega,90,CA La Paz,Clausura - 1,2023-01-05T01:05:00+00:00
J. Pérez,22,CA La Paz,Clausura - 1,2023-01-05T01:05:00+00:00
L. Gutiérrez,22,CA La Paz,Clausura - 1,2023-01-05T01:05:00+00:00
J. Peña,15,CA La Paz,Clausura - 1,2023-01-05T01:05:00+00:00
R. Salas,9,CA La Paz,Clausura - 1,2023-01-05T01:05:00+00:00
G. Cota,0,CA La Paz,Clausura - 1,2023-01-05T01:05:00+00:00
G. Velasco,0,CA La Paz,Clausura - 1,2023-01-05T01:05:00+00:00
P. Aguilar,0,CA La Paz,Clausura - 1,2023-01-05T01:05:00+00:00
H. Sandoval,0,CA La Paz,Clausura - 1,2023-01-05T01:05:00+00:00
J. Arana,0,CA La Paz,Clausura - 1,2023-01-05T01:05:00+00:00
O. Mireles,0,CA La Paz,Clausura - 1,2023-01-05T01:05:00+00:00
M. Fraga,90,Mineros de Zacatecas,Clausura - 1,2023-01-05T01:05:00+00:00
H. Torres,77,Mineros de Zacatecas,Clausura - 1,2023-01-05T01:05:00+00:00
O. Mireles,90,Mineros de Zacatecas,Clausura - 1,2023-01-05T01:05:00+00:00
S. Robles,61,Mineros de Zacatecas,Clausura - 1,2023-01-05T01:05:00+00:00
A. Mendoza,61,Mineros de Zacatecas,Clausura - 1,2023-01-05T01:05:00+00:00
J. Jiménez,90,Mineros de Zacatecas,Clausura - 1,2023-01-05T01:05:00+00:00
F. Plascencia,90,Mineros de Zacatecas,Clausura - 1,2023-01-05T01:05:00+00:00
J. Clemente,90,Mineros de Zacatecas,Clausura - 1,2023-01-05T01:05:00+00:00
C. Blanco,90,Mineros de Zacatecas,Clausura - 1,2023-01-05T01:05:00+00:00
L. Razo,90,Mineros de Zacatecas,Clausura - 1,2023-01-05T01:05:00+00:00
J. Vega,68,Mineros de Zacatecas,Clausura - 1,2023-01-05T01:05:00+00:00
Ó. Mazatán,29,Mineros de Zacatecas,Clausura - 1,2023-01-05T01:05:00+00:00
J. Rodríguez,29,Mineros de Zacatecas,Clausura - 1,2023-01-05T01:05:00+00:00
L. Hernández,22,Mineros de Zacatecas,Clausura - 1,2023-01-05T01:05:00+00:00
K. Chaurand,13,Mineros de Zacatecas,Clausura - 1,2023-01-05T01:05:00+00:00
A. Sánchez,0,Mineros de Zacatecas,Clausura - 1,2023-01-05T01:05:00+00:00
H. Meza,0,Mineros de Zacatecas,Clausura - 1,2023-01-05T01:05:00+00:00
K. Magaña,0,Mineros de Zacatecas,Clausura - 1,2023-01-05T01:05:00+00:00
O. González,0,Mineros de Zacatecas,Clausura - 1,2023-01-05T01:05:00+00:00
C. Sánchez,0,Mineros de Zacatecas,Clausura - 1,2023-01-05T01:05:00+00:00
D. Espinosa,0,Mineros de Zacatecas,Clausura - 1,2023-01-05T01:05:00+00:00
M. Fraga,90,Mineros de Zacatecas,Clausura - 2,2023-01-11T03:05:00+00:00
H. Torres,90,Mineros de Zacatecas,Clausura - 2,2023-01-11T03:05:00+00:00
O. Mireles,90,Mineros de Zacatecas,Clausura - 2,2023-01-11T03:05:00+00:00
J. Jiménez,90,Mineros de Zacatecas,Clausura - 2,2023-01-11T03:05:00+00:00
F. Plascencia,90,Mineros de Zacatecas,Clausura - 2,2023-01-11T03:05:00+00:00
J. Clemente,90,Mineros de Zacatecas,Clausura - 2,2023-01-11T03:05:00+00:00
H. Meza,81,Mineros de Zacatecas,Clausura - 2,2023-01-11T03:05:00+00:00
C. Blanco,90,Mineros de Zacatecas,Clausura - 2,2023-01-11T03:05:00+00:00
K. Magaña,81,Mineros de Zacatecas,Clausura - 2,2023-01-11T03:05:00+00:00
L. Razo,89,Mineros de Zacatecas,Clausura - 2,2023-01-11T03:05:00+00:00
J. Vega,74,Mineros de Zacatecas,Clausura - 2,2023-01-11T03:05:00+00:00
J. Rodríguez,16,Mineros de Zacatecas,Clausura - 2,2023-01-11T03:05:00+00:00
L. Hernández,9,Mineros de Zacatecas,Clausura - 2,2023-01-11T03:05:00+00:00
C. Sánchez,9,Mineros de Zacatecas,Clausura - 2,2023-01-11T03:05:00+00:00
K. Chaurand,1,Mineros de Zacatecas,Clausura - 2,2023-01-11T03:05:00+00:00
A. Sánchez,0,Mineros de Zacatecas,Clausura - 2,2023-01-11T03:05:00+00:00
Ó. Mazatán,0,Mineros de Zacatecas,Clausura - 2,2023-01-11T03:05:00+00:00
S. Robles,0,Mineros de Zacatecas,Clausura - 2,2023-01-11T03:05:00+00:00
A. Mendoza,0,Mineros de Zacatecas,Clausura - 2,2023-01-11T03:05:00+00:00
O. González,0,Mineros de Zacatecas,Clausura - 2,2023-01-11T03:05:00+00:00
P. Padilla,0,Mineros de Zacatecas,Clausura - 2,2023-01-11T03:05:00+00:00
V. Mendoza,90,Dorados,Clausura - 2,2023-01-11T03:05:00+00:00
H. Muñoz,71,Dorados,Clausura - 2,2023-01-11T03:05:00+00:00
A. Mejía,90,Dorados,Clausura - 2,2023-01-11T03:05:00+00:00
J. Vega,90,Dorados,Clausura - 2,2023-01-11T03:05:00+00:00
M. Herrera,59,Dorados,Clausura - 2,2023-01-11T03:05:00+00:00
O. Jiménez,90,Dorados,Clausura - 2,2023-01-11T03:05:00+00:00
L. Hernández,90,Dorados,Clausura - 2,2023-01-11T03:05:00+00:00
J. Lugo,71,Dorados,Clausura - 2,2023-01-11T03:05:00+00:00
A. Nava,89,Dorados,Clausura - 2,2023-01-11T03:05:00+00:00
C. Castillo,90,Dorados,Clausura - 2,2023-01-11T03:05:00+00:00
G. Vázquez,59,Dorados,Clausura - 2,2023-01-11T03:05:00+00:00
A. Valenzuela,31,Dorados,Clausura - 2,2023-01-11T03:05:00+00:00
D. Rivera,31,Dorados,Clausura - 2,2023-01-11T03:05:00+00:00
L. Gamíz,19,Dorados,Clausura - 2,2023-01-11T03:05:00+00:00
L. Bustillos,19,Dorados,Clausura - 2,2023-01-11T03:05:00+00:00
J. Ramírez,1,Dorados,Clausura - 2,2023-01-11T03:05:00+00:00
A. Rodríguez,0,Dorados,Clausura - 2,2023-01-11T03:05:00+00:00
F. Valentini,0,Dorados,Clausura - 2,2023-01-11T03:05:00+00:00
L. López,0,Dorados,Clausura - 2,2023-01-11T03:05:00+00:00
B. Beltrán,0,Dorados,Clausura - 2,2023-01-11T03:05:00+00:00
O. González,90,Mineros de Zacatecas,Clausura - 14,2023-03-28T23:05:00+00:00
H. Torres,90,Mineros de Zacatecas,Clausura - 14,2023-03-28T23:05:00+00:00
S. Robles,58,Mineros de Zacatecas,Clausura - 14,2023-03-28T23:05:00+00:00
J. Rodarte,90,Mineros de Zacatecas,Clausura - 14,2023-03-28T23:05:00+00:00
A. Mendoza,46,Mineros de Zacatecas,Clausura - 14,2023-03-28T23:05:00+00:00
P. Padilla,46,Mineros de Zacatecas,Clausura - 14,2023-03-28T23:05:00+00:00
J. Rodríguez,90,Mineros de Zacatecas,Clausura - 14,2023-03-28T23:05:00+00:00
K. Magaña,90,Mineros de Zacatecas,Clausura - 14,2023-03-28T23:05:00+00:00
L. Razo,90,Mineros de Zacatecas,Clausura - 14,2023-03-28T23:05:00+00:00
J. Vega,46,Mineros de Zacatecas,Clausura - 14,2023-03-28T23:05:00+00:00
D. Vásquez,68,Mineros de Zacatecas,Clausura - 14,2023-03-28T23:05:00+00:00
F. Plascencia,44,Mineros de Zacatecas,Clausura - 14,2023-03-28T23:05:00+00:00
J. Clemente,44,Mineros de Zacatecas,Clausura - 14,2023-03-28T23:05:00+00:00
L. Hernández,44,Mineros de Zacatecas,Clausura - 14,2023-03-28T23:05:00+00:00
H. Meza,32,Mineros de Zacatecas,Clausura - 14,2023-03-28T23:05:00+00:00
J. Jiménez,22,Mineros de Zacatecas,Clausura - 14,2023-03-28T23:05:00+00:00
A. Sánchez,0,Mineros de Zacatecas,Clausura - 14,2023-03-28T23:05:00+00:00
K. Chaurand,0,Mineros de Zacatecas,Clausura - 14,2023-03-28T23:05:00+00:00
M. Fraga,0,Mineros de Zacatecas,Clausura - 14,2023-03-28T23:05:00+00:00
D. Piñón,0,Mineros de Zacatecas,Clausura - 14,2023-03-28T23:05:00+00:00
J. Garibay Buenrostro,0,Mineros de Zacatecas,Clausura - 14,2023-03-28T23:05:00+00:00
J. Muñoz,90,Pumas Tabasco,Clausura - 14,2023-03-28T23:05:00+00:00
D. Rosales,90,Pumas Tabasco,Clausura - 14,2023-03-28T23:05:00+00:00
C. López,90,Pumas Tabasco,Clausura - 14,2023-03-28T23:05:00+00:00
A. Araujo,90,Pumas Tabasco,Clausura - 14,2023-03-28T23:05:00+00:00
S. Ceballos,90,Pumas Tabasco,Clausura - 14,2023-03-28T23:05:00+00:00
H. Mascorro,88,Pumas Tabasco,Clausura - 14,2023-03-28T23:05:00+00:00
L. Oropeza,88,Pumas Tabasco,Clausura - 14,2023-03-28T23:05:00+00:00
B. Figueroa,88,Pumas Tabasco,Clausura - 14,2023-03-28T23:05:00+00:00
E. Martínez,90,Pumas Tabasco,Clausura - 14,2023-03-28T23:05:00+00:00
José González,37,Pumas Tabasco,Clausura - 14,2023-03-28T23:05:00+00:00
R. Durán,66,Pumas Tabasco,Clausura - 14,2023-03-28T23:05:00+00:00
Ángel García,53,Pumas Tabasco,Clausura - 14,2023-03-28T23:05:00+00:00
E. Montejano,24,Pumas Tabasco,Clausura - 14,2023-03-28T23:05:00+00:00
K. Lara,2,Pumas Tabasco,Clausura - 14,2023-03-28T23:05:00+00:00
J. Ríos,2,Pumas Tabasco,Clausura - 14,2023-03-28T23:05:00+00:00
A. García,2,Pumas Tabasco,Clausura - 14,2023-03-28T23:05:00+00:00
W. Bravo,0,Pumas Tabasco,Clausura - 14,2023-03-28T23:05:00+00:00
L. Sámano,0,Pumas Tabasco,Clausura - 14,2023-03-28T23:05:00+00:00
E. Guzmán,0,Pumas Tabasco,Clausura - 14,2023-03-28T23:05:00+00:00
J. Alcántara,0,Pumas Tabasco,Clausura - 14,2023-03-28T23:05:00+00:00
M. Fraga,90,Mineros de Zacatecas,Clausura - 9,2023-02-28T23:05:00+00:00
H. Torres,90,Mineros de Zacatecas,Clausura - 9,2023-02-28T23:05:00+00:00
A. Mendoza,67,Mineros de Zacatecas,Clausura - 9,2023-02-28T23:05:00+00:00
J. Jiménez,46,Mineros de Zacatecas,Clausura - 9,2023-02-28T23:05:00+00:00
J. Clemente,90,Mineros de Zacatecas,Clausura - 9,2023-02-28T23:05:00+00:00
H. Meza,90,Mineros de Zacatecas,Clausura - 9,2023-02-28T23:05:00+00:00
Ó. Mazatán,59,Mineros de Zacatecas,Clausura - 9,2023-02-28T23:05:00+00:00
J. Rodríguez,67,Mineros de Zacatecas,Clausura - 9,2023-02-28T23:05:00+00:00
C. Blanco,90,Mineros de Zacatecas,Clausura - 9,2023-02-28T23:05:00+00:00
K. Chaurand,60,Mineros de Zacatecas,Clausura - 9,2023-02-28T23:05:00+00:00
K. Magaña,90,Mineros de Zacatecas,Clausura - 9,2023-02-28T23:05:00+00:00
D. Vásquez,44,Mineros de Zacatecas,Clausura - 9,2023-02-28T23:05:00+00:00
O. Mireles,31,Mineros de Zacatecas,Clausura - 9,2023-02-28T23:05:00+00:00
L. Razo,30,Mineros de Zacatecas,Clausura - 9,2023-02-28T23:05:00+00:00
C. Sánchez,23,Mineros de Zacatecas,Clausura - 9,2023-02-28T23:05:00+00:00
J. Vega,23,Mineros de Zacatecas,Clausura - 9,2023-02-28T23:05:00+00:00
S. Robles,0,Mineros de Zacatecas,Clausura - 9,2023-02-28T23:05:00+00:00
L. Hernández,0,Mineros de Zacatecas,Clausura - 9,2023-02-28T23:05:00+00:00
O. González,0,Mineros de Zacatecas,Clausura - 9,2023-02-28T23:05:00+00:00
D. Piñón,0,Mineros de Zacatecas,Clausura - 9,2023-02-28T23:05:00+00:00
J. Rodarte,0,Mineros de Zacatecas,Clausura - 9,2023-02-28T23:05:00+00:00
F. López,90,Leones Negros UDG,Clausura - 9,2023-02-28T23:05:00+00:00
J. González,90,Leones Negros UDG,Clausura - 9,2023-02-28T23:05:00+00:00
F. Ortega,46,Leones Negros UDG,Clausura - 9,2023-02-28T23:05:00+00:00
F. Rabago,90,Leones Negros UDG,Clausura - 9,2023-02-28T23:05:00+00:00
E. Jaramillo,90,Leones Negros UDG,Clausura - 9,2023-02-28T23:05:00+00:00
M. Vallejo,80,Leones Negros UDG,Clausura - 9,2023-02-28T23:05:00+00:00
W. Rentería,80,Leones Negros UDG,Clausura - 9,2023-02-28T23:05:00+00:00
J. Henestrosa,90,Leones Negros UDG,Clausura - 9,2023-02-28T23:05:00+00:00
D. García,90,Leones Negros UDG,Clausura - 9,2023-02-28T23:05:00+00:00
L. Martínez,33,Leones Negros UDG,Clausura - 9,2023-02-28T23:05:00+00:00
A. Villalobos,33,Leones Negros UDG,Clausura - 9,2023-02-28T23:05:00+00:00
A. Hernández,57,Leones Negros UDG,Clausura - 9,2023-02-28T23:05:00+00:00
R. García,57,Leones Negros UDG,Clausura - 9,2023-02-28T23:05:00+00:00
B. Flores,44,Leones Negros UDG,Clausura - 9,2023-02-28T23:05:00+00:00
A. Marín,10,Leones Negros UDG,Clausura - 9,2023-02-28T23:05:00+00:00
D. Muñoz,10,Leones Negros UDG,Clausura - 9,2023-02-28T23:05:00+00:00
S. Hernández,0,Leones Negros UDG,Clausura - 9,2023-02-28T23:05:00+00:00
A. Murillo,0,Leones Negros UDG,Clausura - 9,2023-02-28T23:05:00+00:00
G. Herrera,0,Leones Negros UDG,Clausura - 9,2023-02-28T23:05:00+00:00
K. Valdivia,0,Leones Negros UDG,Clausura - 9,2023-02-28T23:05:00+00:00
J. Rangel,90,Tapatío,Clausura - 17,2023-04-19T23:00:00+00:00
M. Gómez,90,Tapatío,Clausura - 17,2023-04-19T23:00:00+00:00
R. Martínez,46,Tapatío,Clausura - 17,2023-04-19T23:00:00+00:00
L. Carrillo,60,Tapatío,Clausura - 17,2023-04-19T23:00:00+00:00
Ó. Macías,90,Tapatío,Clausura - 17,2023-04-19T23:00:00+00:00
G. García,30,Tapatío,Clausura - 17,2023-04-19T23:00:00+00:00
D. Campillo,46,Tapatío,Clausura - 17,2023-04-19T23:00:00+00:00
D. Guajardo,60,Tapatío,Clausura - 17,2023-04-19T23:00:00+00:00
S. Pérez Bouquet,90,Tapatío,Clausura - 17,2023-04-19T23:00:00+00:00
B. Sánchez,46,Tapatío,Clausura - 17,2023-04-19T23:00:00+00:00
J. Brigido,90,Tapatío,Clausura - 17,2023-04-19T23:00:00+00:00
J. Agüayo,44,Tapatío,Clausura - 17,2023-04-19T23:00:00+00:00
R. Reyes,44,Tapatío,Clausura - 17,2023-04-19T23:00:00+00:00
J. González,44,Tapatío,Clausura - 17,2023-04-19T23:00:00+00:00
C. Engelhart,30,Tapatío,Clausura - 17,2023-04-19T23:00:00+00:00
G. García,30,Tapatío,Clausura - 17,2023-04-19T23:00:00+00:00
D. Magaña,0,Tapatío,Clausura - 17,2023-04-19T23:00:00+00:00
G. Martínez,0,Tapatío,Clausura - 17,2023-04-19T23:00:00+00:00
V. Alcaráz,0,Tapatío,Clausura - 17,2023-04-19T23:00:00+00:00
J. Terán,0,Tapatío,Clausura - 17,2023-04-19T23:00:00+00:00
L. Puente,0,Tapatío,Clausura - 17,2023-04-19T23:00:00+00:00
M. Fraga,90,Mineros de Zacatecas,Clausura - 17,2023-04-19T23:00:00+00:00
A. Sánchez,90,Mineros de Zacatecas,Clausura - 17,2023-04-19T23:00:00+00:00
H. Torres,90,Mineros de Zacatecas,Clausura - 17,2023-04-19T23:00:00+00:00
O. Mireles,90,Mineros de Zacatecas,Clausura - 17,2023-04-19T23:00:00+00:00
C. Sánchez,58,Mineros de Zacatecas,Clausura - 17,2023-04-19T23:00:00+00:00
J. Jiménez,90,Mineros de Zacatecas,Clausura - 17,2023-04-19T23:00:00+00:00
F. Plascencia,90,Mineros de Zacatecas,Clausura - 17,2023-04-19T23:00:00+00:00
H. Meza,90,Mineros de Zacatecas,Clausura - 17,2023-04-19T23:00:00+00:00
Ó. Mazatán,90,Mineros de Zacatecas,Clausura - 17,2023-04-19T23:00:00+00:00
K. Chaurand,82,Mineros de Zacatecas,Clausura - 17,2023-04-19T23:00:00+00:00
K. Magaña,79,Mineros de Zacatecas,Clausura - 17,2023-04-19T23:00:00+00:00
D. Vásquez,32,Mineros de Zacatecas,Clausura - 17,2023-04-19T23:00:00+00:00
S. Robles,11,Mineros de Zacatecas,Clausura - 17,2023-04-19T23:00:00+00:00
L. Razo,8,Mineros de Zacatecas,Clausura - 17,2023-04-19T23:00:00+00:00
P. Padilla,0,Mineros de Zacatecas,Clausura - 17,2023-04-19T23:00:00+00:00
A. Mendoza,0,Mineros de Zacatecas,Clausura - 17,2023-04-19T23:00:00+00:00
J. Rodríguez,0,Mineros de Zacatecas,Clausura - 17,2023-04-19T23:00:00+00:00
L. Hernández,0,Mineros de Zacatecas,Clausura - 17,2023-04-19T23:00:00+00:00
O. González,0,Mineros de Zacatecas,Clausura - 17,2023-04-19T23:00:00+00:00
J. Rodarte,0,Mineros de Zacatecas,Clausura - 17,2023-04-19T23:00:00+00:00
E. Reséndez,90,Cancún,Clausura - 11,2023-03-17T01:05:00+00:00
H. Aguayo,89,Cancún,Clausura - 11,2023-03-17T01:05:00+00:00
H. Marín,82,Cancún,Clausura - 11,2023-03-17T01:05:00+00:00
W. Ortega,90,Cancún,Clausura - 11,2023-03-17T01:05:00+00:00
M. Pérez,90,Cancún,Clausura - 11,2023-03-17T01:05:00+00:00
J. Alonzo,82,Cancún,Clausura - 11,2023-03-17T01:05:00+00:00
M. Reyes,90,Cancún,Clausura - 11,2023-03-17T01:05:00+00:00
Junior Moreira,90,Cancún,Clausura - 11,2023-03-17T01:05:00+00:00
L. Loroña,90,Cancún,Clausura - 11,2023-03-17T01:05:00+00:00
D. Hernández,65,Cancún,Clausura - 11,2023-03-17T01:05:00+00:00
C. Traoré,82,Cancún,Clausura - 11,2023-03-17T01:05:00+00:00
G. Eguade,25,Cancún,Clausura - 11,2023-03-17T01:05:00+00:00
A. Sánchez,8,Cancún,Clausura - 11,2023-03-17T01:05:00+00:00
E. García,8,Cancún,Clausura - 11,2023-03-17T01:05:00+00:00
B. Galindo,8,Cancún,Clausura - 11,2023-03-17T01:05:00+00:00
A. Arreola,1,Cancún,Clausura - 11,2023-03-17T01:05:00+00:00
C. Andrade,0,Cancún,Clausura - 11,2023-03-17T01:05:00+00:00
P. Uscanga,0,Cancún,Clausura - 11,2023-03-17T01:05:00+00:00
P. López,0,Cancún,Clausura - 11,2023-03-17T01:05:00+00:00
H. Pouokam,0,Cancún,Clausura - 11,2023-03-17T01:05:00+00:00
C. Tolosa,0,Cancún,Clausura - 11,2023-03-17T01:05:00+00:00
M. Fraga,90,Mineros de Zacatecas,Clausura - 11,2023-03-17T01:05:00+00:00
H. Torres,90,Mineros de Zacatecas,Clausura - 11,2023-03-17T01:05:00+00:00
O. Mireles,90,Mineros de Zacatecas,Clausura - 11,2023-03-17T01:05:00+00:00
A. Mendoza,46,Mineros de Zacatecas,Clausura - 11,2023-03-17T01:05:00+00:00
J. Jiménez,63,Mineros de Zacatecas,Clausura - 11,2023-03-17T01:05:00+00:00
H. Meza,75,Mineros de Zacatecas,Clausura - 11,2023-03-17T01:05:00+00:00
J. Rodríguez,90,Mineros de Zacatecas,Clausura - 11,2023-03-17T01:05:00+00:00
C. Blanco,90,Mineros de Zacatecas,Clausura - 11,2023-03-17T01:05:00+00:00
K. Magaña,46,Mineros de Zacatecas,Clausura - 11,2023-03-17T01:05:00+00:00
L. Razo,90,Mineros de Zacatecas,Clausura - 11,2023-03-17T01:05:00+00:00
D. Vásquez,46,Mineros de Zacatecas,Clausura - 11,2023-03-17T01:05:00+00:00
C. Sánchez,44,Mineros de Zacatecas,Clausura - 11,2023-03-17T01:05:00+00:00
J. Vega,44,Mineros de Zacatecas,Clausura - 11,2023-03-17T01:05:00+00:00
J. Clemente,44,Mineros de Zacatecas,Clausura - 11,2023-03-17T01:05:00+00:00
L. Hernández,27,Mineros de Zacatecas,Clausura - 11,2023-03-17T01:05:00+00:00
K. Chaurand,15,Mineros de Zacatecas,Clausura - 11,2023-03-17T01:05:00+00:00
A. Sánchez,0,Mineros de Zacatecas,Clausura - 11,2023-03-17T01:05:00+00:00
S. Robles,0,Mineros de Zacatecas,Clausura - 11,2023-03-17T01:05:00+00:00
O. González,0,Mineros de Zacatecas,Clausura - 11,2023-03-17T01:05:00+00:00
D. Piñón,0,Mineros de Zacatecas,Clausura - 11,2023-03-17T01:05:00+00:00
J. Rodarte,0,Mineros de Zacatecas,Clausura - 11,2023-03-17T01:05:00+00:00
S. Ramírez,90,Monarcas,Clausura - 10,2023-03-08T03:05:00+00:00
A. Ledesma,90,Monarcas,Clausura - 10,2023-03-08T03:05:00+00:00
D. Parra,90,Monarcas,Clausura - 10,2023-03-08T03:05:00+00:00
M. Trejo,60,Monarcas,Clausura - 10,2023-03-08T03:05:00+00:00
E. Quezada,90,Monarcas,Clausura - 10,2023-03-08T03:05:00+00:00
L. Pérez,46,Monarcas,Clausura - 10,2023-03-08T03:05:00+00:00
J. Ibarra,90,Monarcas,Clausura - 10,2023-03-08T03:05:00+00:00
R. Torres,46,Monarcas,Clausura - 10,2023-03-08T03:05:00+00:00
B. Mendoza,90,Monarcas,Clausura - 10,2023-03-08T03:05:00+00:00
W. Mejía,72,Monarcas,Clausura - 10,2023-03-08T03:05:00+00:00
J. Flores,72,Monarcas,Clausura - 10,2023-03-08T03:05:00+00:00
R. González,44,Monarcas,Clausura - 10,2023-03-08T03:05:00+00:00
J. Uchuari,44,Monarcas,Clausura - 10,2023-03-08T03:05:00+00:00
D. Navarrete,30,Monarcas,Clausura - 10,2023-03-08T03:05:00+00:00
K. Hernández,18,Monarcas,Clausura - 10,2023-03-08T03:05:00+00:00
J. Ruiz,18,Monarcas,Clausura - 10,2023-03-08T03:05:00+00:00
U. Cardona,0,Monarcas,Clausura - 10,2023-03-08T03:05:00+00:00
H. Barajas,0,Monarcas,Clausura - 10,2023-03-08T03:05:00+00:00
S. Vázquez,0,Monarcas,Clausura - 10,2023-03-08T03:05:00+00:00
R. Castellanos,0,Monarcas,Clausura - 10,2023-03-08T03:05:00+00:00
R. Buenrostro,0,Monarcas,Clausura - 10,2023-03-08T03:05:00+00:00
M. Fraga,90,Mineros de Zacatecas,Clausura - 10,2023-03-08T03:05:00+00:00
H. Torres,46,Mineros de Zacatecas,Clausura - 10,2023-03-08T03:05:00+00:00
O. Mireles,90,Mineros de Zacatecas,Clausura - 10,2023-03-08T03:05:00+00:00
A. Mendoza,90,Mineros de Zacatecas,Clausura - 10,2023-03-08T03:05:00+00:00
J. Jiménez,59,Mineros de Zacatecas,Clausura - 10,2023-03-08T03:05:00+00:00
J. Clemente,90,Mineros de Zacatecas,Clausura - 10,2023-03-08T03:05:00+00:00
H. Meza,90,Mineros de Zacatecas,Clausura - 10,2023-03-08T03:05:00+00:00
J. Rodríguez,90,Mineros de Zacatecas,Clausura - 10,2023-03-08T03:05:00+00:00
C. Blanco,66,Mineros de Zacatecas,Clausura - 10,2023-03-08T03:05:00+00:00
K. Magaña,90,Mineros de Zacatecas,Clausura - 10,2023-03-08T03:05:00+00:00
L. Razo,66,Mineros de Zacatecas,Clausura - 10,2023-03-08T03:05:00+00:00
A. Sánchez,44,Mineros de Zacatecas,Clausura - 10,2023-03-08T03:05:00+00:00
C. Sánchez,31,Mineros de Zacatecas,Clausura - 10,2023-03-08T03:05:00+00:00
J. Vega,24,Mineros de Zacatecas,Clausura - 10,2023-03-08T03:05:00+00:00
K. Chaurand,24,Mineros de Zacatecas,Clausura - 10,2023-03-08T03:05:00+00:00
S. Robles,0,Mineros de Zacatecas,Clausura - 10,2023-03-08T03:05:00+00:00
D. Vásquez,0,Mineros de Zacatecas,Clausura - 10,2023-03-08T03:05:00+00:00
L. Hernández,0,Mineros de Zacatecas,Clausura - 10,2023-03-08T03:05:00+00:00
O. González,0,Mineros de Zacatecas,Clausura - 10,2023-03-08T03:05:00+00:00
D. Piñón,0,Mineros de Zacatecas,Clausura - 10,2023-03-08T03:05:00+00:00
J. Rodarte,0,Mineros de Zacatecas,Clausura - 10,2023-03-08T03:05:00+00:00
M. Fraga,90,Mineros de Zacatecas,Apertura - Reclasificación,2022-10-21T00:00:00+00:00
E. Monreal,90,Mineros de Zacatecas,Apertura - Reclasificación,2022-10-21T00:00:00+00:00
C. Sánchez,90,Mineros de Zacatecas,Apertura - Reclasificación,2022-10-21T00:00:00+00:00
L. Hernández,76,Mineros de Zacatecas,Apertura - Reclasificación,2022-10-21T00:00:00+00:00
J. Plascencia,90,Mineros de Zacatecas,Apertura - Reclasificación,2022-10-21T00:00:00+00:00
J. Clemente,90,Mineros de Zacatecas,Apertura - Reclasificación,2022-10-21T00:00:00+00:00
H. Meza,90,Mineros de Zacatecas,Apertura - Reclasificación,2022-10-21T00:00:00+00:00
Ó. Mazatán,90,Mineros de Zacatecas,Apertura - Reclasificación,2022-10-21T00:00:00+00:00
J. Rodríguez,69,Mineros de Zacatecas,Apertura - Reclasificación,2022-10-21T00:00:00+00:00
C. Blanco,90,Mineros de Zacatecas,Apertura - Reclasificación,2022-10-21T00:00:00+00:00
L. Razo,69,Mineros de Zacatecas,Apertura - Reclasificación,2022-10-21T00:00:00+00:00
J. Vega,21,Mineros de Zacatecas,Apertura - Reclasificación,2022-10-21T00:00:00+00:00
K. Chaurand,21,Mineros de Zacatecas,Apertura - Reclasificación,2022-10-21T00:00:00+00:00
J. Cobián,14,Mineros de Zacatecas,Apertura - Reclasificación,2022-10-21T00:00:00+00:00
S. Ceballos,0,Mineros de Zacatecas,Apertura - Reclasificación,2022-10-21T00:00:00+00:00
A. Sánchez,0,Mineros de Zacatecas,Apertura - Reclasificación,2022-10-21T00:00:00+00:00
R. Villamizar,0,Mineros de Zacatecas,Apertura - Reclasificación,2022-10-21T00:00:00+00:00
K. Magaña,0,Mineros de Zacatecas,Apertura - Reclasificación,2022-10-21T00:00:00+00:00
O. González,0,Mineros de Zacatecas,Apertura - Reclasificación,2022-10-21T00:00:00+00:00
P. Padilla,0,Mineros de Zacatecas,Apertura - Reclasificación,2022-10-21T00:00:00+00:00
S. Robles,0,Mineros de Zacatecas,Apertura - Reclasificación,2022-10-21T00:00:00+00:00
E. García,90,Tapatío,Apertura - Reclasificación,2022-10-21T00:00:00+00:00
D. Magaña,64,Tapatío,Apertura - Reclasificación,2022-10-21T00:00:00+00:00
O. Mireles,12,Tapatío,Apertura - Reclasificación,2022-10-21T00:00:00+00:00
R. Martínez,90,Tapatío,Apertura - Reclasificación,2022-10-21T00:00:00+00:00
Ó. Macías,90,Tapatío,Apertura - Reclasificación,2022-10-21T00:00:00+00:00
G. García,90,Tapatío,Apertura - Reclasificación,2022-10-21T00:00:00+00:00
D. Campillo,90,Tapatío,Apertura - Reclasificación,2022-10-21T00:00:00+00:00
D. Guajardo,90,Tapatío,Apertura - Reclasificación,2022-10-21T00:00:00+00:00
M. Chávez,76,Tapatío,Apertura - Reclasificación,2022-10-21T00:00:00+00:00
J. González,90,Tapatío,Apertura - Reclasificación,2022-10-21T00:00:00+00:00
J. Brigido,76,Tapatío,Apertura - Reclasificación,2022-10-21T00:00:00+00:00
R. Reyes,78,Tapatío,Apertura - Reclasificación,2022-10-21T00:00:00+00:00
S. Pérez Bouquet,26,Tapatío,Apertura - Reclasificación,2022-10-21T00:00:00+00:00
M. Gómez,14,Tapatío,Apertura - Reclasificación,2022-10-21T00:00:00+00:00
I. Márquez,14,Tapatío,Apertura - Reclasificación,2022-10-21T00:00:00+00:00
S. Martínez,0,Tapatío,Apertura - Reclasificación,2022-10-21T00:00:00+00:00
G. Martínez,0,Tapatío,Apertura - Reclasificación,2022-10-21T00:00:00+00:00
A. Gutiérrez,0,Tapatío,Apertura - Reclasificación,2022-10-21T00:00:00+00:00
V. Alcaráz,0,Tapatío,Apertura - Reclasificación,2022-10-21T00:00:00+00:00
R. Domínguez,0,Tapatío,Apertura - Reclasificación,2022-10-21T00:00:00+00:00
A. González,0,Tapatío,Apertura - Reclasificación,2022-10-21T00:00:00+00:00
G. Ruiz,90,Tlaxcala,Clausura - 3,2023-01-17T23:05:00+00:00
F. Santillán,90,Tlaxcala,Clausura - 3,2023-01-17T23:05:00+00:00
D. Cruz,90,Tlaxcala,Clausura - 3,2023-01-17T23:05:00+00:00
B. Salazar,90,Tlaxcala,Clausura - 3,2023-01-17T23:05:00+00:00
M. Lozano,82,Tlaxcala,Clausura - 3,2023-01-17T23:05:00+00:00
A. Serna,71,Tlaxcala,Clausura - 3,2023-01-17T23:05:00+00:00
D. Zago,90,Tlaxcala,Clausura - 3,2023-01-17T23:05:00+00:00
J. Hernández,81,Tlaxcala,Clausura - 3,2023-01-17T23:05:00+00:00
I. Hernández,60,Tlaxcala,Clausura - 3,2023-01-17T23:05:00+00:00
J. Rangel,81,Tlaxcala,Clausura - 3,2023-01-17T23:05:00+00:00
J. Zamudio,90,Tlaxcala,Clausura - 3,2023-01-17T23:05:00+00:00
J. Serrano,30,Tlaxcala,Clausura - 3,2023-01-17T23:05:00+00:00
D. German,19,Tlaxcala,Clausura - 3,2023-01-17T23:05:00+00:00
E. Mendoza,9,Tlaxcala,Clausura - 3,2023-01-17T23:05:00+00:00
D. Raeder,9,Tlaxcala,Clausura - 3,2023-01-17T23:05:00+00:00
P. Santos,8,Tlaxcala,Clausura - 3,2023-01-17T23:05:00+00:00
A. Soto,0,Tlaxcala,Clausura - 3,2023-01-17T23:05:00+00:00
D. Velázquez,0,Tlaxcala,Clausura - 3,2023-01-17T23:05:00+00:00
U. Rivera,0,Tlaxcala,Clausura - 3,2023-01-17T23:05:00+00:00
A. Ruiz,0,Tlaxcala,Clausura - 3,2023-01-17T23:05:00+00:00
D. Urtiaga,0,Tlaxcala,Clausura - 3,2023-01-17T23:05:00+00:00
M. Fraga,90,Mineros de Zacatecas,Clausura - 3,2023-01-17T23:05:00+00:00
O. Mireles,90,Mineros de Zacatecas,Clausura - 3,2023-01-17T23:05:00+00:00
S. Robles,46,Mineros de Zacatecas,Clausura - 3,2023-01-17T23:05:00+00:00
L. Hernández,46,Mineros de Zacatecas,Clausura - 3,2023-01-17T23:05:00+00:00
J. Jiménez,90,Mineros de Zacatecas,Clausura - 3,2023-01-17T23:05:00+00:00
F. Plascencia,75,Mineros de Zacatecas,Clausura - 3,2023-01-17T23:05:00+00:00
Ó. Mazatán,90,Mineros de Zacatecas,Clausura - 3,2023-01-17T23:05:00+00:00
J. Rodríguez,46,Mineros de Zacatecas,Clausura - 3,2023-01-17T23:05:00+00:00
C. Blanco,90,Mineros de Zacatecas,Clausura - 3,2023-01-17T23:05:00+00:00
K. Magaña,90,Mineros de Zacatecas,Clausura - 3,2023-01-17T23:05:00+00:00
L. Razo,60,Mineros de Zacatecas,Clausura - 3,2023-01-17T23:05:00+00:00
H. Meza,44,Mineros de Zacatecas,Clausura - 3,2023-01-17T23:05:00+00:00
J. Vega,44,Mineros de Zacatecas,Clausura - 3,2023-01-17T23:05:00+00:00
K. Chaurand,44,Mineros de Zacatecas,Clausura - 3,2023-01-17T23:05:00+00:00
J. Clemente,30,Mineros de Zacatecas,Clausura - 3,2023-01-17T23:05:00+00:00
A. Mendoza,15,Mineros de Zacatecas,Clausura - 3,2023-01-17T23:05:00+00:00
A. Sánchez,0,Mineros de Zacatecas,Clausura - 3,2023-01-17T23:05:00+00:00
P. Padilla,0,Mineros de Zacatecas,Clausura - 3,2023-01-17T23:05:00+00:00
C. Sánchez,0,Mineros de Zacatecas,Clausura - 3,2023-01-17T23:05:00+00:00
H. Torres,0,Mineros de Zacatecas,Clausura - 3,2023-01-17T23:05:00+00:00
O. González,0,Mineros de Zacatecas,Clausura - 3,2023-01-17T23:05:00+00:00
M. Fraga,90,Mineros de Zacatecas,Clausura - 16,2023-04-11T23:05:00+00:00
H. Torres,90,Mineros de Zacatecas,Clausura - 16,2023-04-11T23:05:00+00:00
J. Rodarte,90,Mineros de Zacatecas,Clausura - 16,2023-04-11T23:05:00+00:00
J. Jiménez,46,Mineros de Zacatecas,Clausura - 16,2023-04-11T23:05:00+00:00
F. Plascencia,90,Mineros de Zacatecas,Clausura - 16,2023-04-11T23:05:00+00:00
J. Clemente,90,Mineros de Zacatecas,Clausura - 16,2023-04-11T23:05:00+00:00
H. Meza,46,Mineros de Zacatecas,Clausura - 16,2023-04-11T23:05:00+00:00
Ó. Mazatán,90,Mineros de Zacatecas,Clausura - 16,2023-04-11T23:05:00+00:00
K. Chaurand,46,Mineros de Zacatecas,Clausura - 16,2023-04-11T23:05:00+00:00
K. Magaña,75,Mineros de Zacatecas,Clausura - 16,2023-04-11T23:05:00+00:00
L. Razo,90,Mineros de Zacatecas,Clausura - 16,2023-04-11T23:05:00+00:00
P. Padilla,44,Mineros de Zacatecas,Clausura - 16,2023-04-11T23:05:00+00:00
C. Sánchez,44,Mineros de Zacatecas,Clausura - 16,2023-04-11T23:05:00+00:00
J. Rodríguez,44,Mineros de Zacatecas,Clausura - 16,2023-04-11T23:05:00+00:00
D. Vásquez,15,Mineros de Zacatecas,Clausura - 16,2023-04-11T23:05:00+00:00
A. Sánchez,0,Mineros de Zacatecas,Clausura - 16,2023-04-11T23:05:00+00:00
O. Mireles,0,Mineros de Zacatecas,Clausura - 16,2023-04-11T23:05:00+00:00
S. Robles,0,Mineros de Zacatecas,Clausura - 16,2023-04-11T23:05:00+00:00
A. Mendoza,0,Mineros de Zacatecas,Clausura - 16,2023-04-11T23:05:00+00:00
L. Hernández,0,Mineros de Zacatecas,Clausura - 16,2023-04-11T23:05:00+00:00
L. Durán,0,Mineros de Zacatecas,Clausura - 16,2023-04-11T23:05:00+00:00
E. Castro,90,Cimarrones,Clausura - 16,2023-04-11T23:05:00+00:00
J. Saavedra,90,Cimarrones,Clausura - 16,2023-04-11T23:05:00+00:00
J. García Sancho,90,Cimarrones,Clausura - 16,2023-04-11T23:05:00+00:00
U. Torres,83,Cimarrones,Clausura - 16,2023-04-11T23:05:00+00:00
H. Vázquez,46,Cimarrones,Clausura - 16,2023-04-11T23:05:00+00:00
D. Cisneros,83,Cimarrones,Clausura - 16,2023-04-11T23:05:00+00:00
É. Torres,90,Cimarrones,Clausura - 16,2023-04-11T23:05:00+00:00
A. Arellano,90,Cimarrones,Clausura - 16,2023-04-11T23:05:00+00:00
D. Jiménez,90,Cimarrones,Clausura - 16,2023-04-11T23:05:00+00:00
J. Peralta,90,Cimarrones,Clausura - 16,2023-04-11T23:05:00+00:00
J. López,61,Cimarrones,Clausura - 16,2023-04-11T23:05:00+00:00
A. Mengual,44,Cimarrones,Clausura - 16,2023-04-11T23:05:00+00:00
J. Gurrola,29,Cimarrones,Clausura - 16,2023-04-11T23:05:00+00:00
S. Manríquez,7,Cimarrones,Clausura - 16,2023-04-11T23:05:00+00:00
B. Navarro,7,Cimarrones,Clausura - 16,2023-04-11T23:05:00+00:00
C. Rodríguez,7,Cimarrones,Clausura - 16,2023-04-11T23:05:00+00:00
J. Alvarado,0,Cimarrones,Clausura - 16,2023-04-11T23:05:00+00:00
D. López,0,Cimarrones,Clausura - 16,2023-04-11T23:05:00+00:00
E. González,0,Cimarrones,Clausura - 16,2023-04-11T23:05:00+00:00
M. Salazar,0,Cimarrones,Clausura - 16,2023-04-11T23:05:00+00:00
J. Rodríguez,0,Cimarrones,Clausura - 16,2023-04-11T23:05:00+00:00
M. Fraga,90,Mineros de Zacatecas,Clausura - 12,2023-03-22T01:05:00+00:00
H. Torres,90,Mineros de Zacatecas,Clausura - 12,2023-03-22T01:05:00+00:00
O. Mireles,90,Mineros de Zacatecas,Clausura - 12,2023-03-22T01:05:00+00:00
C. Sánchez,57,Mineros de Zacatecas,Clausura - 12,2023-03-22T01:05:00+00:00
A. Mendoza,90,Mineros de Zacatecas,Clausura - 12,2023-03-22T01:05:00+00:00
J. Jiménez,74,Mineros de Zacatecas,Clausura - 12,2023-03-22T01:05:00+00:00
H. Meza,65,Mineros de Zacatecas,Clausura - 12,2023-03-22T01:05:00+00:00
J. Rodríguez,74,Mineros de Zacatecas,Clausura - 12,2023-03-22T01:05:00+00:00
C. Blanco,90,Mineros de Zacatecas,Clausura - 12,2023-03-22T01:05:00+00:00
K. Chaurand,90,Mineros de Zacatecas,Clausura - 12,2023-03-22T01:05:00+00:00
K. Magaña,65,Mineros de Zacatecas,Clausura - 12,2023-03-22T01:05:00+00:00
J. Clemente,33,Mineros de Zacatecas,Clausura - 12,2023-03-22T01:05:00+00:00
L. Razo,25,Mineros de Zacatecas,Clausura - 12,2023-03-22T01:05:00+00:00
J. Vega,25,Mineros de Zacatecas,Clausura - 12,2023-03-22T01:05:00+00:00
D. Vásquez,16,Mineros de Zacatecas,Clausura - 12,2023-03-22T01:05:00+00:00
D. Piñón,16,Mineros de Zacatecas,Clausura - 12,2023-03-22T01:05:00+00:00
A. Sánchez,0,Mineros de Zacatecas,Clausura - 12,2023-03-22T01:05:00+00:00
S. Robles,0,Mineros de Zacatecas,Clausura - 12,2023-03-22T01:05:00+00:00
L. Hernández,0,Mineros de Zacatecas,Clausura - 12,2023-03-22T01:05:00+00:00
O. González,0,Mineros de Zacatecas,Clausura - 12,2023-03-22T01:05:00+00:00
J. Rodarte,0,Mineros de Zacatecas,Clausura - 12,2023-03-22T01:05:00+00:00
O. Paz,34,Alebrijes de Oaxaca,Clausura - 12,2023-03-22T01:05:00+00:00
E. Reyes,90,Alebrijes de Oaxaca,Clausura - 12,2023-03-22T01:05:00+00:00
J. Esqueda,90,Alebrijes de Oaxaca,Clausura - 12,2023-03-22T01:05:00+00:00
M. Arreola,90,Alebrijes de Oaxaca,Clausura - 12,2023-03-22T01:05:00+00:00
C. Guerrero,90,Alebrijes de Oaxaca,Clausura - 12,2023-03-22T01:05:00+00:00
F. Morales,90,Alebrijes de Oaxaca,Clausura - 12,2023-03-22T01:05:00+00:00
J. Cortés,90,Alebrijes de Oaxaca,Clausura - 12,2023-03-22T01:05:00+00:00
C. Cañozales,90,Alebrijes de Oaxaca,Clausura - 12,2023-03-22T01:05:00+00:00
E. Olaguez,90,Alebrijes de Oaxaca,Clausura - 12,2023-03-22T01:05:00+00:00
A. González,90,Alebrijes de Oaxaca,Clausura - 12,2023-03-22T01:05:00+00:00
J. Gómez,86,Alebrijes de Oaxaca,Clausura - 12,2023-03-22T01:05:00+00:00
L. Chávez,56,Alebrijes de Oaxaca,Clausura - 12,2023-03-22T01:05:00+00:00
F. Hurtado,4,Alebrijes de Oaxaca,Clausura - 12,2023-03-22T01:05:00+00:00
P. Pacheco,0,Alebrijes de Oaxaca,Clausura - 12,2023-03-22T01:05:00+00:00
J. Mora,0,Alebrijes de Oaxaca,Clausura - 12,2023-03-22T01:05:00+00:00
N. Corona,0,Alebrijes de Oaxaca,Clausura - 12,2023-03-22T01:05:00+00:00
F. Vázquez,0,Alebrijes de Oaxaca,Clausura - 12,2023-03-22T01:05:00+00:00
A. Vázquez,0,Alebrijes de Oaxaca,Clausura - 12,2023-03-22T01:05:00+00:00
A. León,0,Alebrijes de Oaxaca,Clausura - 12,2023-03-22T01:05:00+00:00
G. Manzanares,0,Alebrijes de Oaxaca,Clausura - 12,2023-03-22T01:05:00+00:00
